,precision,recall,f1-score,support
Center,0.1724137931034483,0.006009615384615385,0.011614401858304297,832.0
Donut,0.305993690851735,0.6643835616438356,0.4190064794816415,146.0
Edge-Loc,0.6540483701366983,0.22438672438672438,0.3341391351060972,2772.0
Edge-Ring,0.8476331360946746,0.5088809946714032,0.6359600443951166,1126.0
Loc,0.5365079365079365,0.17131272174353776,0.2597003457548982,1973.0
Near-full,0.5621301775147929,1.0,0.7196969696969697,95.0
Random,0.5555555555555556,0.7392996108949417,0.6343906510851419,257.0
Scratch,0.009631084013640592,0.6724386724386724,0.018990178898895635,693.0
none,0.9865863836890426,0.5979711113720744,0.7446244874772915,110701.0
accuracy,0.5782874488806442,0.5782874488806442,0.5782874488806442,0.5782874488806442
macro avg,0.5145000141630582,0.5094092236150893,0.41979141041715073,118595.0
weighted avg,0.9564742548449932,0.5782874488806442,0.7158885011566973,118595.0
